
<?xml version="1.0" encoding="UTF-8" standalone="yes"?>
<addon id="repository.KD_Flecha" name="KDFlecha" version="1.0.0" provider-name="Kodi Flechashop">
	<extension point="xbmc.addon.repository" name="KDFlecha">
		<info compressed="false">https://github.com/AngelTorresGarcia/KDFlecha/blob/master/addons.xml</info>
		<checksum>https://github.com/AngelTorresGarcia/KDFlecha/blob/master/addons.xml.md5</checksum>
		<datadir zip="true">https://github.com/AngelTorresGarcia/KDFlecha/tree/master/repository.KD_Flecha</datadir>
	</extension>
	<extension point="xbmc.addon.metadata">
		<summary>Kodi Flechashop</summary>
   		<description lang="es">Este repositorio esta hecho de forma privada y no se autoriza su libre distribucion ni esta hecho con el fin de infringir derechos de autor.</description>
		<disclaimer></disclaimer>
		<platform>all</platform>
	</extension>
</addon>